operation,samples,mean_ms,median_ms,min_ms,max_ms,stddev_ms
SET,50,0.163248,0.147903,0.098193,0.357777,0.049715
GET,50,0.166657,0.158879,0.109434,0.284018,0.039197
DEL,50,0.164473,0.152273,0.102772,0.28874,0.041587
