clients,requests_per_client,total_requests,total_time_s,throughput_rps,average_latency_ms
1,100,200,0.038431,5204.135,0.17
2,100,400,0.047011,8508.578,0.225
4,100,800,0.107925,7412.567,0.514
8,100,1600,0.310189,5158.137,1.502
16,100,3200,0.644993,4961.296,3.074
